subject,oneperson,multiple
1,1,
1,,1
1,,1
1,,1
1,,1
1,1,
1,,
1,1,
1,1,
1,1,
1,1,
1,,
1,,
1,,
1,,
1,,
1,1,
1,,
1,,1
1,,1
1,,1
1,1,
1,1,
1,1,
1,1,
1,1,
1,1,
1,1,
1,1,
1,1,
1,1,
1,1,
1,1,
1,,
1,1,
1,,
1,,1
1,,1
1,,
1,,
1,1,
1,1,
1,1,
1,1,
1,1,
1,1,
1,1,
1,1,
1,1,
1,,1
1,,1
1,,1
1,,1
1,,1
1,,1
1,,1
1,1,
1,1,
1,,1
1,1,
1,1,
1,1,
1,1,
1,1,
1,1,
1,1,
1,1,
1,1,
1,,1
1,,1
2,1,
2,1,
2,,1
2,,
2,1,
2,1,
2,,1
2,,1
2,,1
2,,1
2,,1
2,,1
2,,1
2,,1
2,,1
2,,
2,,
2,,
2,,
2,,
2,,
2,1,
2,1,
2,1,
2,,
2,,1
2,,1
2,1,
2,,1
2,,1
2,1,
2,1,
2,1,
2,,1
2,,1
2,,1
2,,1
2,1,
2,,1
2,,1
2,,1
2,,1
2,,1
2,,
2,,
2,,
2,,
2,,1
2,,1
2,,1
2,1,
2,,1
2,,1
2,,1
2,1,
2,,1
2,,1
2,,1
2,,1
2,,1
2,,1
2,,1
2,,1
2,,1
2,1,
2,1,
2,1,
2,1,
2,1,
2,,
2,,
2,,
2,,
2,,
3,,1
3,1,
3,,1
3,,1
3,,1
3,,1
3,,1
3,,1
3,,1
3,,1
3,,1
3,,1
3,,1
3,,1
3,,
3,1,
3,,1
3,,1
3,1,
3,1,
3,1,
3,1,
3,1,
3,1,
3,1,
3,1,
3,1,
3,,
3,1,
3,1,
3,1,
3,1,
3,1,
3,1,
3,1,
3,1,
3,1,
3,1,
3,1,
3,1,
3,,1
3,,1
3,,1
3,,1
3,,1
3,,1
3,,1
3,1,
3,1,
3,1,
3,1,
3,1,
3,1,
3,1,
3,,1
3,,1
3,1,
3,1,
3,1,
3,1,
3,1,
3,1,
3,1,
3,1,
3,1,
3,1,
3,1,
3,,
3,1,
3,1,
3,1,
3,1,
3,1,
3,1,
3,1,
3,1,
3,1,
3,1,
3,1,
3,1,
3,1,
3,1,
3,1,
3,1,
3,1,
3,1,
3,1,
3,1,
3,1,
3,1,
3,1,
3,,
3,,
4,1,
4,1,
4,1,
4,1,
4,1,
4,1,
4,,1
4,,1
4,,1
4,,1
4,,1
4,,1
4,,1
4,,1
4,,1
4,,1
4,,1
4,,1
4,,1
4,,1
4,,1
4,,1
4,,1
4,,1
4,1,
4,,1
4,,1
4,,1
4,,1
4,,1
4,,1
4,,1
4,,1
4,,1
4,,1
4,1,
4,1,
4,1,
4,1,
4,1,
4,,1
4,,1
4,,1
4,1,
4,,1
4,,
4,,1
4,,1
4,,1
4,,1
4,,1
4,,1
4,,1
4,,1
4,,1
4,,1
4,,1
4,,1
4,,1
4,,1
4,,1
4,,1
4,,1
4,,1
4,,1
4,,1
4,,1
4,,1
4,,1
4,,1
4,,1
4,,1
4,,1
4,,1
4,1,
4,1,
4,,1
4,1,
4,1,
4,1,
4,,1
4,,1
4,,1
4,1,
4,1,
4,1,
4,1,
4,1,
4,1,
6,1,
6,,1
6,,1
6,1,
6,1,
6,,1
6,,1
6,,1
6,,1
6,,1
6,,1
6,,1
6,,1
6,,1
6,,1
6,,1
6,1,
6,1,
6,,1
6,1,
6,1,
6,,1
6,,1
6,,1
6,,1
6,,1
6,,1
6,,1
6,1,
6,1,
6,1,
6,1,
6,,1
6,1,
6,1,
6,1,
6,,1
6,,1
6,1,
6,1,
6,1,
6,1,
6,1,
6,1,
6,1,
6,1,
6,1,
6,1,
6,,1
6,,1
6,,1
6,,1
6,,1
6,1,
6,1,
6,1,
6,1,
6,1,
6,,1
6,1,
6,,1
6,1,
6,1,
6,1,
6,1,
6,1,
6,1,
6,1,
6,,1
6,,1
6,,1
6,,1
7,1,
7,1,
7,1,
7,,1
7,,1
7,,1
7,,1
7,,1
7,,1
7,,1
7,1,
7,,1
7,,1
7,,1
7,,1
7,,1
7,,1
7,,1
7,,1
7,,1
7,,1
7,,1
7,,1
7,,1
7,,1
7,,1
7,,1
7,,1
7,,1
7,,1
7,,1
7,,1
7,,1
7,1,
7,1,
7,1,
7,1,
7,1,
7,1,
7,,1
7,,1
7,1,
7,,1
7,,1
7,,1
7,1,
7,1,
7,1,
7,1,
7,1,
7,1,
7,1,
7,1,
7,1,
7,1,
7,1,
7,1,
7,,1
7,,1
7,,1
7,,
7,,1
7,,1
7,,1
7,,1
7,,1
7,,1
7,,1
7,,1
7,1,
7,,1
7,1,
7,1,
7,,1
7,,1
7,,1
7,1,
7,,1
7,,1
8,,1
8,1,
8,1,
8,,1
8,,1
8,,1
8,1,
8,,1
8,,1
8,,1
8,,1
8,,1
8,,1
8,,1
8,,1
8,,
8,,1
8,,1
8,,1
8,,1
8,,1
8,,1
8,,1
8,,1
8,,1
8,,
8,,1
8,,1
8,,1
8,,1
8,,1
8,,1
8,,1
8,,1
8,,1
8,,1
8,,1
8,,1
8,,1
8,,1
8,,1
8,,1
8,,1
8,,1
8,,1
8,,1
8,,1
8,,1
8,,1
8,,
8,,1
8,,1
8,1,
8,1,
8,,1
8,,1
9,1,
9,,
9,,
9,,
9,,
9,,
9,,
9,,
9,,
9,,
9,1,
9,1,
9,,
9,,
9,,
9,,
9,,
9,,
9,,
9,,
9,,
9,,
9,,
9,,
9,,
9,1,
9,,1
9,1,
9,1,
9,1,
9,1,
9,,
9,,
9,,
9,,
9,,
9,,
9,,
9,,
9,,
9,,
9,,
9,,
9,,
9,,
9,,
9,,
9,,
9,,
9,,
9,,
9,,
9,1,
9,1,
9,1,
9,,1
9,,1
9,,1
9,,1
9,,1
9,,1
9,,1
9,1,
9,,1
9,,
9,,
9,,
9,,
9,,
9,,1
9,,1
9,,
9,,
9,,
9,,
9,,
9,,
10,1,
10,,1
10,,1
10,,1
10,,1
10,1,
10,1,
10,1,
10,1,
10,1,
10,,1
10,1,
10,1,
10,,1
10,,1
10,,1
10,,1
10,,1
10,,1
10,,1
10,,1
10,,1
10,,1
10,,1
10,1,
10,,
10,1,
10,,1
10,,1
10,,1
10,,1
10,,1
10,,1
10,,1
10,,1
10,,1
10,,1
10,,1
10,,1
10,,1
10,,1
10,,1
10,,1
10,1,
10,1,
10,1,
10,1,
10,1,
10,1,
10,1,
10,1,
10,1,
10,1,
10,,1
10,,1
10,,1
10,,1
10,,1
10,,1
10,1,
10,1,
10,,1
10,,1
10,,1
10,,1
10,,1
10,,1
10,,1
10,,1
10,,1
10,,1
10,,1
10,,1
10,,1
10,,1
10,,1
10,,1
10,,1
10,,1
10,,1
10,,1
10,,1
10,,1
10,1,
10,1,
10,,
10,,1
10,1,
10,1,
10,,1
10,1,
10,1,
10,,1
10,,1
11,,1
11,,1
11,,1
11,1,
11,1,
11,,1
11,,1
11,,1
11,1,
11,,1
11,1,
11,1,
11,1,
11,1,
11,,1
11,,1
11,,1
11,,1
11,1,
11,,1
11,,1
11,,1
11,,1
11,,1
11,,1
11,,1
11,,1
11,,1
11,,1
11,,1
11,,1
11,1,
11,,1
11,1,
11,,1
11,,1
11,1,
11,,1
11,,1
11,,1
11,1,
11,,1
11,,1
11,,1
11,,1
11,1,
11,1,
11,,1
11,,1
11,1,
11,,1
11,,1
11,,1
11,,1
11,,1
11,1,
11,,1
11,,1
11,,1
11,,1
11,,1
11,,1
11,,1
11,,1
11,,1
11,,1
11,,1
11,,1
11,,1
11,1,
11,1,
11,1,
11,,1
11,,1
11,,1
11,,1
11,,1
11,,1
11,,1
11,,1
11,,1
11,,1
11,,1
11,1,
11,1,
11,,1
,,1
11,1,
11,,1
11,,1
,1,
11,,1
11,,1
,,1
11,,1
11,,1
11,,1
,,1
11,,1
11,,1
,,1
11,,1
11,,1
11,,1
12,1,
12,1,
12,1,
12,1,
12,,1
12,1,
12,1,
12,1,
12,,1
12,,1
12,,1
12,,1
12,,1
12,,1
12,,1
12,,1
12,,1
12,,1
12,,1
12,,1
12,,1
12,,1
12,,1
12,1,
12,,1
12,,1
12,1,
12,1,
12,,1
12,,1
12,,1
12,,1
12,,1
12,,1
12,,1
12,1,
12,1,
12,1,
12,,1
12,,1
12,,1
12,1,
12,1,
12,1,
12,1,
12,1,
12,1,
12,1,
12,1,
12,1,
12,1,
12,1,
12,,1
12,,1
12,1,
12,,1
12,1,
12,,1
12,,1
12,1,
12,1,
12,,1
12,,1
12,,1
12,,1
12,,1
12,,1
12,,1
12,,1
12,,1
12,,1
12,1,
12,1,
12,1,
12,,1
12,1,
12,1,
12,,1
12,,1
12,,1
12,,1
12,,1
12,,1
12,,1
12,1,
12,,1
12,,1
12,,1
12,,1
13,,1
13,,1
13,,1
13,,1
13,,1
13,,
13,1,
13,1,
13,,1
13,1,
13,,1
13,,1
13,,1
13,,1
13,,1
13,,1
13,,1
13,,1
13,,1
13,1,
13,,1
13,,1
13,,1
13,1,
13,,
13,,1
13,,1
13,1,
13,1,
13,1,
13,,1
13,,1
13,,1
13,,1
13,,1
13,,1
13,,1
13,,1
13,,1
13,,1
13,,1
13,,1
13,,1
13,,1
13,,1
13,,1
13,,1
13,,1
13,,1
13,,
13,,
13,1,
13,1,
13,,
13,,1
13,,1
13,,1
13,,1
13,,1
13,,
13,1,
13,,1
13,,1
13,,1
13,,1
13,,1
13,,1
13,,1
13,,1
13,,1
13,,1
13,,1
13,,1
13,,1
13,,1
13,,1
13,,1
13,,1
13,,1
13,,1
13,,1
13,,1
13,,1
13,,1
13,,1
13,,1
13,,1
13,,1
13,,1
13,,1
13,,1
13,,1
13,,1
13,,1
13,,
13,1,
13,1,
13,1,
13,,
13,1,
13,1,
13,,1
13,,1
13,,1
13,,1
13,,1
13,1,
13,1,
13,,1
13,1,
13,1,
13,1,
13,1,
13,1,
13,1,
13,1,
13,1,
13,1,
13,1,
13,1,
13,,1
13,,1
13,,1
13,,1
13,,1
13,,1
13,,1
13,,1
13,1,
14,1,
14,1,
14,1,
14,1,
14,1,
14,,
14,,
14,,
14,1,
14,1,
14,1,
14,1,
14,1,
14,1,
14,,1
14,,1
14,,1
14,,1
14,,1
14,1,
14,,1
14,1,
14,1,
14,1,
14,1,
14,1,
14,1,
14,1,
14,,
14,1,
14,1,
14,,1
14,,1
14,,1
14,,1
14,1,
14,1,
14,1,
14,,1
14,,
14,1,
14,1,
14,1,
14,1,
14,,1
14,1,
14,1,
14,1,
14,1,
14,,
14,,
14,,1
14,,
14,1,
14,1,
14,1,
14,1,
14,1,
14,1,
14,1,
14,1,
14,1,
14,1,
14,1,
14,,
14,,
14,,1
14,,1
14,,
14,,
14,,
14,1,
14,1,
14,1,
14,1,
14,1,
14,1,
14,1,
14,,1
14,,1
14,,1
14,1,
14,1,
14,1,
14,1,
14,,1
14,,1
14,1,
14,1,
14,1,
14,1,
14,1,
14,1,
14,1,
14,1,
14,1,
15,1,
15,,1
15,,1
15,,1
15,,1
15,,1
15,1,
15,1,
15,1,
15,,
15,,
15,1,
15,1,
15,1,
15,,1
15,,1
15,,1
15,,1
15,,1
15,,1
15,,1
15,,1
15,,1
15,,1
15,,1
15,,1
15,,1
15,,1
15,,1
15,,1
15,,1
15,,1
15,,1
15,,1
15,,1
15,,1
15,,1
15,,1
15,,1
15,1,
15,,1
15,,1
15,,1
15,1,
15,,1
15,,1
15,,1
15,,1
15,,1
15,,1
15,,1
15,,1
15,,1
15,,1
15,,1
15,,1
15,,1
15,,1
15,,1
15,,1
15,,1
15,,1
15,,1
15,,1
15,,1
15,,1
15,,1
15,,1
15,,1
15,,1
15,,1
15,,1
15,,1
15,,1
15,,1
15,,1
15,,1
15,,1
15,,1
15,,1
15,,1
15,,1
15,,1
15,,1
15,,1
15,,1
15,,1
15,,1
15,,1
15,,1
15,,1
15,1,
15,,1
15,,1
15,,1
15,,1
15,,1
15,,1
15,,1
15,,1
15,1,
15,,1
15,1,
15,,1
15,,1
15,,1
15,,1
15,,1
15,,
15,,1
15,,1
15,,1
15,,1
15,,1
15,,
15,,1
15,,1
15,,1
15,,1
15,,1
15,,1
15,,1
15,,1
15,,1
15,,1
15,,1
15,,1
15,,1
15,,1
15,,1
15,,1
15,,1
15,,1
15,,1
15,,1
15,,1
15,,1
15,,1
15,,1
15,,1
15,,1
15,,1
15,,1
15,,1
15,,1
15,,1
15,,1
17,1,
17,1,
17,1,
17,,1
17,,1
17,,
17,,1
17,,1
17,1,
17,1,
17,,1
17,,1
17,,1
17,,1
17,,1
17,1,
17,1,
17,1,
17,1,
17,1,
17,1,
17,1,
17,1,
17,1,
17,1,
17,1,
17,1,
17,1,
17,1,
17,1,
17,1,
17,1,
17,1,
17,1,
17,1,
17,1,
17,1,
17,1,
17,1,
17,1,
17,1,
17,,
17,1,
17,1,
17,1,
17,1,
17,,1
17,,1
17,1,
17,1,
17,1,
17,1,
17,1,
17,1,
17,1,
17,1,
17,,1
17,1,
17,1,
17,1,
17,1,
17,1,
17,,1
17,1,
17,,1
17,1,
17,1,
17,1,
17,1,
17,1,
17,1,
17,1,
17,1,
17,1,
17,1,
17,,1
17,,1
17,1,
17,1,
17,1,
17,1,
17,1,
17,1,
17,1,
17,1,
17,1,
17,,1
17,,1
17,,1
17,,1
17,,1
17,,1
17,,1
17,,1
17,,1
17,1,
17,1,
17,1,
17,1,
17,1,
17,1,
17,1,
17,,1
17,1,
17,1,
17,1,
17,1,
17,1,
17,1,
17,1,
17,1,
17,1,
17,1,
17,1,
17,1,
17,1,
17,1,
17,1,
17,1,
17,1,
17,1,
17,1,
17,1,
17,1,
17,1,
17,1,
17,1,
17,1,
17,1,
17,1,
17,1,
17,1,
17,,
19,1,
19,,1
19,,1
19,,1
19,,1
19,,1
19,,1
19,,1
19,,1
19,,1
19,,1
19,,1
19,,1
19,,1
19,,1
19,,1
19,,1
19,,1
19,,1
19,,1
19,,1
19,,1
19,,1
19,,1
19,,1
19,,1
19,,1
19,,1
19,,1
19,,1
19,,1
19,,1
19,,
19,,
19,,
19,,1
19,,1
19,,1
19,,1
19,,1
19,,1
19,,1
19,,1
19,,1
19,,1
19,,1
19,,1
19,1,
19,1,
19,,1
19,,1
19,,1
19,,1
19,,1
19,,1
19,,1
19,,1
19,,1
19,,1
19,,1
19,,1
19,,1
19,,1
19,,1
19,,1
19,,1
19,,1
19,,1
19,,1
19,,1
19,,1
19,,1
19,,1
19,,1
19,,1
19,,1
19,,1
19,1,
19,,1
19,,1
19,,1
19,,1
19,,1
19,,1
19,,1
20,1,
20,,1
20,,1
20,,1
20,,1
20,1,
20,1,
20,1,
20,1,
20,1,
20,1,
20,1,
20,,1
20,1,
20,,
20,1,
20,1,
20,1,
20,1,
20,1,
20,,1
20,1,
20,1,
20,1,
20,,
20,,
20,,
20,,
20,1,
20,,1
20,,1
20,1,
20,,1
20,,1
20,1,
20,,
20,,
20,,1
20,,1
20,,1
20,1,
20,1,
20,,1
20,,1
20,,1
20,,1
20,,1
20,,1
20,,1
20,,1
20,1,
20,,1
20,,1
20,,1
20,,1
20,,
20,1,
20,,1
20,1,
20,,1
20,,1
20,,1
20,,1
20,,1
20,,
20,,1
20,,1
20,,1
20,1,
20,,1
20,,1
20,1,
20,,1
20,,1
20,1,
20,,1
20,,1
20,,1
20,1,
20,1,
21,1,
21,1,
21,1,
21,1,
21,1,
21,1,
21,1,
21,1,
21,1,
21,1,
21,1,
21,1,
21,1,
21,1,
21,1,
21,1,
21,1,
21,1,
21,1,
21,1,
21,1,
21,1,
21,1,
21,1,
21,1,
21,1,
21,1,
21,,1
21,,1
21,,1
21,,1
21,,1
21,,1
21,,1
21,,1
21,,1
21,1,
21,1,
21,,1
21,,1
21,,1
21,1,
21,1,
21,1,
21,1,
21,1,
21,,1
21,,1
21,,1
21,,1
21,1,
21,,1
21,,1
21,1,
21,,1
21,,1
21,,1
21,1,
21,1,
21,,1
21,1,
21,,1
21,,1
21,,1
21,1,
21,1,
21,,1
21,,1
21,,1
21,,1
21,1,
21,1,
21,1,
21,1,
21,,1
21,,1
21,,1
21,,1
21,,1
21,,1
21,,1
21,,1
21,1,
21,1,
21,1,
21,1,
21,1,
21,1,
21,1,
21,1,
22,1,
22,1,
22,1,
22,1,
22,1,
22,1,
22,1,
22,1,
22,1,
22,1,
22,1,
22,1,
22,1,
22,1,
22,1,
22,1,
22,1,
22,1,
22,1,
22,1,
22,1,
22,,1
22,,1
22,,1
22,1,
22,,1
22,,1
22,,1
22,,1
22,,1
22,,1
22,,1
22,,1
22,,1
22,,1
22,1,
22,1,
22,,1
22,,1
22,,1
22,,1
22,,1
22,,1
22,1,
22,1,
22,1,
22,1,
22,1,
22,,1
22,,1
22,,1
22,,1
22,,1
22,1,
22,,1
22,,1
22,,1
22,,1
22,,1
22,,1
22,,1
22,,1
22,,1
22,,1
22,,1
22,,1
22,,1
22,,1
22,,1
22,1,
22,1,
22,1,
22,1,
22,1,
22,1,
22,1,
22,1,
22,1,
22,1,
22,1,
22,1,
22,1,
22,1,
22,1,
22,1,
22,1,
22,1,
22,1,
22,1,
22,1,
22,1,
22,1,
22,1,
22,1,
22,1,
22,1,
22,1,
22,1,
22,1,
22,1,
22,1,
23,,
23,,
23,,
23,,
23,,
23,,
23,,
23,,
23,,
23,,
23,1,
23,,
23,,
23,,
23,,
23,,
23,,
23,,
23,,1
23,,1
23,,1
23,1,
23,,1
23,,1
23,,1
23,,1
23,1,
23,1,
23,1,
23,1,
23,1,
23,1,
23,,1
23,,1
23,,1
23,,1
23,,1
23,,1
23,1,
23,1,
23,1,
23,1,
23,1,
23,1,
23,1,
23,,1
23,,1
23,,1
23,,1
23,,1
23,,1
23,,1
23,1,
23,,1
23,,1
23,,1
23,,1
23,,1
23,,1
23,,1
23,1,
23,,1
23,1,
23,1,
23,2,
23,1,
23,,1
23,1,
23,1,
23,,
23,,
23,,
23,1,
23,,1
23,,1
23,,1
23,,1
23,1,
24,,1
24,,
24,,1
24,,1
24,1,
24,,1
24,1,
24,1,
24,1,
24,1,
24,,1
24,,1
24,1,
24,1,
24,,1
24,,1
24,,1
24,1,
24,1,
24,1,
24,1,
24,1,
24,,1
24,,1
24,1,
24,1,
24,1,
24,1,
24,1,
24,1,
24,,1
24,,1
24,,1
24,,1
24,,1
24,,1
25,1,
25,1,
25,1,
25,,1
25,,1
25,1,
25,1,
25,,1
25,,1
25,,1
25,,1
25,1,
25,,1
25,1,
25,1,
25,,
25,,
25,1,
25,1,
25,1,
25,,1
25,,1
25,1,
25,1,
25,1,
25,1,
25,1,
25,1,
25,1,
25,1,
25,,
25,,
25,,
25,,
25,,
25,,1
25,1,
25,1,
25,1,
25,1,
25,1,
25,,1
25,,1
25,,
25,1,
25,,
25,,
25,,
25,,
25,,
25,,
25,,
25,,
25,,
25,,
25,,
25,,
25,,
25,,
25,,
25,,
25,,
25,,
25,,
25,,
25,1,
25,1,
25,1,
25,1,
25,1,
25,1,
25,1,
25,1,
25,1,
25,1,
25,1,
25,1,
25,1,
25,1,
25,,1
25,1,
25,1,
25,1,
25,,1
25,1,
25,1,
25,1,
25,1,
25,,1
25,,1
25,1,
25,1,
26,,1
26,1,
26,,1
26,,1
26,,1
26,,1
26,,1
26,1,
26,,1
26,,1
26,1,
26,,
26,,1
26,,
26,,1
26,1,
26,1,
26,1,
26,1,
26,1,
26,,1
26,,1
26,,1
26,,1
26,,
26,1,
26,1,
26,1,
26,1,
26,1,
26,1,
26,,1
26,,1
26,,1
26,,1
26,,1
26,,1
26,,1
26,,1
26,,1
26,1,
26,1,
26,1,
26,1,
26,1,
26,1,
26,1,
26,1,
26,,1
26,,1
26,,1
26,,1
26,,1
27,1,
27,1,
27,1,
27,1,
27,1,
27,,1
27,,1
27,,1
27,1,
27,,1
27,,1
27,,1
27,,1
27,,
27,1,
27,1,
27,1,
27,1,
27,1,
27,1,
27,1,
27,1,
27,1,
27,,1
27,,1
27,1,
27,,1
27,,1
27,1,
27,1,
27,1,
27,,1
27,1,
27,,1
27,1,
27,1,
27,1,
27,1,
27,,
27,1,
27,1,
27,1,
27,1,
27,1,
27,1,
27,1,
27,1,
27,1,
27,1,
27,1,
27,1,
27,1,
27,1,
27,1,
27,1,
27,1,
27,1,
27,1,
27,,1
27,,1
27,1,
27,1,
27,1,
27,1,
27,,1
27,,1
27,1,
27,1,
27,1,
27,1,
27,1,
27,1,
27,1,
27,1,
27,1,
27,,1
27,,1
27,,1
27,1,
27,1,
27,1,
27,,1
27,1,
27,,1
27,,1
27,,
27,,1
27,,1
27,1,
27,1,
27,1,
27,,1
27,,1
27,1,
27,1,
27,,1
27,,1
27,,1
27,,1
27,,1
27,1,
27,,1
27,1,
27,,1
27,,3
27,1,
27,,1
27,1,
27,,1
27,1,
27,1,
27,1,
27,,1
27,1,
27,1,
27,1,
27,1,
27,1,
27,1,
27,1,
27,1,
27,1,
27,1,
27,,1
27,,1
27,,1
27,1,
27,1,
27,1,
28,1,
28,1,
28,,1
28,1,
28,1,
28,,
28,1,
28,1,
28,1,
28,1,
28,1,
28,1,
28,1,
28,1,
28,1,
28,1,
28,1,
28,,
28,,
28,1,
28,1,
28,1,
28,1,
28,,1
28,1,
28,1,
28,1,
28,1,
28,,
28,1,
28,1,
28,1,
28,1,
28,1,
28,1,
28,1,
28,1,
29,1,
29,1,
29,1,
29,1,
29,,1
29,,1
29,,1
29,,1
29,,1
29,,1
29,1,
29,,1
29,1,
29,1,
29,,1
29,1,
29,1,
29,,1
29,,1
29,,1
29,,1
29,,1
29,,1
29,,1
29,,1
29,1,
29,,1
29,,1
29,,1
29,,1
29,,1
29,,1
29,,1
29,,1
29,1,
29,1,
29,1,
29,1,
29,1,
29,1,
29,,1
29,1,
29,,
29,,
29,,1
29,,1
29,,1
29,,1
29,1,
29,1,
29,,
30,1,
30,1,
30,,
30,1,
30,,
30,,1
30,1,
30,,1
30,,1
30,,1
30,,1
30,,1
30,,1
30,,1
30,,1
30,,1
30,,1
30,,1
30,,1
30,,1
30,,1
30,,1
30,,1
30,,1
30,1,
30,1,
30,1,
30,1,
30,1,
30,,1
30,1,
30,1,
30,1,
30,1,
30,,1
30,,1
30,,1
30,,1
30,1,
30,1,
30,1,
30,,1
30,,1
30,,1
30,,1
30,,1
30,,1
30,,1
30,,1
30,,1
30,,1
30,,1
30,,1
30,1,
30,,1
30,,1
30,,1
30,,1
30,,1
30,,
30,1,
30,1,
30,,1
30,,1
30,,1
30,1,
30,1,
30,1,
30,1,
30,1,
30,1,
30,,1
30,,1
30,,1
30,,1
30,,1
30,,1
30,,1
30,,1
30,1,
30,,
30,1,
30,,1
30,,1
30,,1
30,,1
30,,1
30,,1
30,,1
30,,1
30,,1
30,,1
30,,1
30,,1
30,,1
30,,1
30,,1
30,,1
30,,1
30,,1
30,,1
30,1,
30,,
30,,
31,1,
31,1,
31,1,
31,1,
31,,1
31,,
31,,1
31,,1
31,,1
31,,1
31,,1
31,,1
31,,1
31,1,
31,,1
31,1,
31,1,
31,1,
31,1,
31,1,
31,1,
31,1,
31,1,
31,1,
31,1,
31,1,
31,,
31,,
31,1,
31,,1
31,,1
31,,1
31,,1
31,,1
31,,1
31,,1
31,,1
31,,1
31,,1
31,,1
31,,1
31,,1
31,,1
31,,1
31,,1
31,,1
31,,1
31,,
31,,
31,1,
31,1,
31,1,
31,1,
31,1,
31,1,
31,1,
31,,
31,1,
31,1,
31,1,
31,1,
33,,1
33,,1
33,,
33,,
33,,1
33,,1
33,,1
33,,1
33,,1
33,,1
33,,
33,,
33,,
33,,
33,,
33,,
33,,
33,1,
33,1,
33,1,
33,1,
33,1,
33,,
33,1,
33,,1
33,,1
33,1,
33,1,
33,,
33,,
33,1,
33,,1
33,,1
33,,1
33,,
33,1,
33,1,
33,,1
33,,1
33,,1
33,,1
33,,1
33,,1
33,,1
33,1,
33,1,
33,,1
33,,1
33,,
33,1,
33,,
33,,
33,,
34,1,
34,1,
34,,1
34,,1
34,1,
34,1,
34,1,
34,,
34,,
34,,
34,,
34,,
34,1,
34,1,
34,1,
34,1,
34,1,
34,1,
34,1,
34,1,
34,1,
34,1,
34,1,
34,1,
34,,1
34,,1
34,,1
34,1,
34,1,
34,,
34,,1
34,,1
34,,1
34,,1
34,,1
34,,1
34,,1
34,,1
34,,1
34,,1
34,,1
34,,1
34,,1
34,,1
34,,1
34,,1
34,,1
34,1,
34,1,
34,1,
34,1,
34,1,
34,1,
34,1,
34,1,
34,1,
34,1,
34,1,
34,1,
34,1,
34,1,
34,1,
34,1,
34,1,
34,1,
34,1,
34,1,
34,1,
34,1,
34,1,
34,1,
34,1,
34,1,
34,1,
34,,1
34,,1
34,,1
34,,1
34,,1
34,,1
34,1,
34,,1
34,,1
34,1,
34,1,
34,1,
34,1,
34,1,
34,,
34,,
34,,
35,,1
35,,1
35,1,
35,1,
35,,1
35,1,
35,1,
35,1,
35,1,
35,,1
35,1,
35,,
35,1,
35,1,
35,1,
35,1,
35,1,
35,1,
35,1,
35,,1
35,,1
35,,1
35,,1
35,,1
35,1,
35,,
35,1,
35,1,
35,1,
35,1,
35,1,
35,1,
35,1,
35,1,
35,1,
35,1,
35,1,
35,1,
35,1,
35,1,
35,1,
35,1,
35,1,
35,1,
35,1,
35,1,
35,1,
35,,1
35,1,
35,1,
35,1,
35,1,
35,1,
35,1,
35,1,
35,1,
35,1,
35,1,
35,1,
35,1,
35,1,
35,1,
35,1,
35,1,
35,1,
35,1,
35,1,
35,1,
35,1,
35,1,
35,1,
35,1,
35,1,
35,1,
35,1,
35,1,
35,1,
35,1,
35,1,
35,,1
35,,1
35,,1
35,,1
35,1,
35,1,
35,,1
35,1,
35,1,
35,1,
35,1,
35,,1
35,1,
35,1,
35,1,
35,,1
35,,1
35,,1
35,,1
35,,1
35,,1
35,,1
35,,1
36,1,
36,,
36,,
36,1,
36,1,
36,1,
36,,
36,,
36,,
36,1,
36,,1
36,,
36,1,
36,1,
36,1,
36,,
36,1,
36,1,
36,,1
36,1,
36,1,
36,1,
36,1,
36,1,
36,1,
36,,
36,1,
36,,
36,,
36,,
36,,1
36,,
36,,1
36,1,
36,,1
36,1,
36,1,
36,1,
36,1,
36,1,
36,1,
36,1,
36,1,
36,1,
36,1,
36,1,
36,1,
36,1,
36,,
36,1,
36,,
36,1,
36,,1
36,1,
36,,
36,1,
36,,1
36,,1
36,1,
36,1,
36,,1
36,1,
36,1,
36,1,
36,,
36,1,
36,1,
36,,
36,1,
36,,
36,1,
36,1,
36,,1
36,1,
36,,
36,,
36,,
36,1,
36,,
37,1,
37,1,
37,1,
37,1,
37,1,
37,1,
37,,1
37,1,
37,,1
37,1,
37,1,
37,,1
37,1,
37,,1
37,,1
37,,1
37,,1
37,,1
37,,1
37,,1
37,1,
37,1,
37,1,
37,1,
37,,1
37,,1
37,,1
37,,1
37,,1
37,1,
37,1,
37,,1
37,,1
37,,1
37,,1
37,,1
37,,1
37,,1
37,,1
37,,1
37,1,
37,,1
37,,1
37,,1
37,,1
37,,1
37,,1
37,,1
37,,1
37,,1
37,,1
37,,1
37,,1
37,,1
37,,1
37,1,
37,,
37,1,
37,1,
37,,1
37,1,
37,1,
37,,1
37,,1
37,,1
37,,1
37,,
37,1,
37,,
37,,1
37,,
37,,
37,,
37,1,
37,,1
37,1,
37,1,
37,1,
37,,1
37,,1
37,,1
37,,1
37,,
37,1,
37,1,
37,1,
37,1,
37,1,
37,,1
37,,
37,1,
37,,1
38,1,
38,1,
38,1,
38,1,
38,1,
38,1,
38,1,
38,,1
38,1,
38,1,
38,1,
38,1,
38,1,
38,1,
38,1,
38,1,
38,1,
38,1,
38,1,
38,1,
38,1,
38,1,
38,1,
38,1,
38,1,
38,,1
38,,1
38,1,
38,1,
38,1,
38,,1
38,1,
38,1,
38,1,
38,,1
38,,1
38,,1
38,,1
38,,1
38,,1
38,,1
38,,1
38,,1
38,,1
38,,1
38,,1
38,1,
38,1,
38,1,
38,1,
38,,1
38,1,
38,,1
38,,1
38,1,
38,1,
38,,1
38,,
38,,1
38,1,
38,,1
38,,1
38,,1
38,,1
38,,1
38,,1
38,1,
38,1,
38,1,
38,1,
38,1,
38,1,
38,1,
38,1,
38,1,
38,1,
38,,
38,1,
38,1,
38,1,
38,1,
38,1,
38,1,
38,1,
38,1,
38,,1
38,1,
38,1,
38,,
38,1,
38,1,
38,1,
38,1,
38,1,
38,1,
38,1,
38,1,
38,1,
38,1,
38,1,
38,1,
38,1,
38,1,
38,1,
38,,
38,1,
38,1,
38,1,
38,1,
38,1,
38,1,
38,,
38,1,
38,1,
38,,1
38,,1
38,,
38,,
38,1,
38,1,
38,1,
38,1,
38,1,
38,1,
38,1,
38,1,
38,1,
38,,1
38,,1
38,1,
38,,1
38,,1
38,,1
38,,1
38,,1
38,,1
38,,1
38,1,
38,,1
38,1,
38,1,
38,1,
38,1,
38,1,
38,1,
39,1,
39,1,
39,,1
39,1,
39,1,
39,1,
39,1,
39,,1
39,,1
39,,1
39,,1
39,,1
39,,1
39,,1
39,,1
39,,1
39,1,
39,1,
39,1,
39,1,
39,1,
39,1,
39,1,
39,1,
39,,1
39,,1
39,,
39,,
39,,1
39,,
39,,1
39,,1
39,,
39,,1
39,,1
39,,
39,,1
39,,1
39,,1
39,,1
39,,1
39,,1
39,,1
39,,1
39,,1
39,,1
39,,1
39,,1
39,,1
39,,1
39,1,
39,1,
39,1,
39,1,
39,1,
39,,
39,,
39,1,
39,,1
39,,1
39,,1
39,,1
39,,1
39,1,
39,1,
39,1,
39,1,
39,1,
39,,
39,,
39,1,
39,,
39,,
39,,
39,1,
39,1,
39,1,
39,,
39,1,
39,1,
39,,
39,,
39,,
39,,
39,1,
39,,1
39,,1
39,,1
41,1,
41,1,
41,1,
41,,1
41,,1
41,1,
41,1,
41,1,
41,1,
41,,1
41,1,
41,1,
41,1,
41,1,
41,1,
41,1,
41,,1
41,,1
41,1,
41,1,
41,1,
41,,
41,1,
41,,
41,,1
41,,1
41,,1
41,1,
41,1,
41,,
41,,1
41,1,
41,1,
41,,
41,,
41,1,
41,,1
41,,1
41,,1
41,,1
41,,1
41,,1
41,,1
41,,1
41,,1
41,1,
41,1,
41,,1
41,1,
41,,
41,,1
41,1,
41,,1
41,,
41,,1
41,1,
41,1,
41,,
41,1,
41,,1
41,,1
41,,
41,1,
41,1,
41,1,
41,,1
41,1,
41,,1
41,1,
41,1,
41,1,
41,1,
41,1,
41,1,
41,,1
41,1,
41,,
41,1,
41,1,
41,1,
41,1,
41,,
41,,1
41,1,
41,1,
41,,
41,1,
41,,1
41,1,
41,,1
41,,1
41,,1
41,1,
41,,1
41,,1
41,,1
41,,1
41,,1
41,,1
41,,1
41,,1
41,,1
41,,1
41,,1
41,1,
41,1,
42,,
42,1,
42,1,
42,1,
42,1,
42,,1
42,,1
42,,1
42,,
42,,1
42,1,
42,,
42,,
42,,
42,,
42,1,
42,1,
42,,
42,1,
42,,
42,1,
42,,1
42,1,
42,,
42,,
42,1,
42,,
42,,
42,,
42,,
42,,
42,1,
42,1,
42,,1
42,1,
42,1,
42,1,
42,,
42,,
42,1,
42,1,
42,1,
42,1,
42,1,
42,,1
42,,1
42,,1
42,,1
42,,
42,,1
42,,
42,,
42,,
42,,
42,,
42,1,
42,,1
42,,1
42,1,
42,1,
42,1,
42,,
42,1,
42,,1
42,,
42,,
42,,
42,,
42,,
42,,1
42,,1
42,1,
42,1,
42,1,
42,,
42,,
42,,
42,,
42,,
42,,
42,,
42,,
42,,
42,,
42,,
42,,
43,1,
43,1,
43,1,
43,,1
43,1,
43,,
43,1,
43,1,
43,1,
43,,1
43,1,
43,,1
43,,1
43,,1
43,,1
43,,1
43,,1
43,,1
43,,1
43,,1
43,,1
43,,1
43,,1
43,,1
43,,1
43,,1
43,,1
43,,1
43,,1
43,,1
43,,1
43,,1
43,,1
43,,1
43,,1
43,1,
43,1,
43,1,
43,1,
43,,1
43,1,
43,1,
43,,1
43,,1
43,,1
43,,1
43,,1
43,1,
43,1,
43,1,
43,1,
43,,1
43,,1
43,,1
43,,1
43,,1
43,,1
43,,1
43,,1
43,,1
43,,1
43,,
43,1,
43,,
43,,1
43,,
43,,1
43,,1
43,,1
43,,1
43,,1
43,,1
43,1,
44,1,
44,1,
44,1,
44,,
44,,1
44,,1
44,,1
44,,1
44,,1
44,,1
44,,1
44,,1
44,,1
44,,1
44,1,
44,,1
44,,1
44,1,
44,1,
44,1,
44,,1
44,,1
44,,1
44,,1
44,,1
44,,1
44,,
44,1,
44,,1
44,1,
44,,1
44,1,
44,1,
44,1,
44,1,
44,1,
44,1,
44,1,
44,1,
44,1,
44,1,
44,1,
44,,
44,1,
44,1,
44,,1
44,,1
44,,1
44,,1
44,,1
44,,1
44,,1
44,,1
44,,1
44,,1
44,,1
44,,1
44,,1
44,,1
44,,1
44,,1
44,,1
44,1,
44,1,
44,1,
44,1,
44,1,
44,1,
44,,1
44,1,
44,1,
44,1,
44,1,
44,,1
44,,1
44,,1
44,,1
44,,1
44,,1
44,,1
44,1,
44,1,
44,1,
44,,1
44,,1
44,,1
44,,1
44,,1
44,,1
44,,1
44,,1
44,,1
44,,1
44,1,
44,,1
44,,1
44,,1
44,1,
44,1,
44,1,
45,,
45,,1
45,1,
45,1,
45,,1
45,,1
45,,1
45,,1
45,,1
45,,
45,,1
45,,
45,,1
45,,1
45,,1
45,,1
45,,1
45,,1
45,1,
45,,1
45,,1
45,,1
45,,1
45,,1
45,,1
45,,1
45,,1
45,,
45,1,
45,,1
45,,1
45,,
45,,
45,,
45,,
45,1,
45,,1
45,,
45,1,
45,,1
45,,1
45,,1
45,1,
45,,
45,,
45,,1
45,,1
45,,1
45,,
45,1,
45,1,
45,1,
45,,1
45,,1
45,,1
45,,1
45,,1
45,,1
45,1,
45,,
45,,1
45,1,
45,1,
45,1,
45,1,
45,1,
45,1,
45,,1
45,,1
45,,1
45,,1
45,1,
45,1,
45,1,
45,,
45,,
45,,
45,,
45,,
45,,
45,1,
45,1,
45,,1
45,,1
45,,1
45,1,
45,,1
45,1,
45,1,
45,,1
45,,1
45,,
45,,
45,,1
45,1,
45,,1
45,,1
45,,1
45,,1
45,,1
45,,1
45,,
45,,1
45,,1
45,,1
45,,1
45,,1
45,,1
45,,1
45,,1
45,,1
45,,1
45,,1
46,,1
46,1,
46,1,
46,,
46,1,
46,1,
46,1,
46,1,
46,,
46,1,
46,1,
46,1,
46,1,
46,1,
46,1,
46,1,
46,1,
46,1,
46,1,
46,1,
46,1,
46,1,
46,1,
46,1,
46,,1
46,,1
46,,1
46,1,
46,1,
46,1,
46,1,
46,,
46,,1
46,,1
46,,1
46,,1
46,,1
46,,1
46,,1
46,,1
46,,1
46,,1
46,,1
46,,1
46,,1
46,,1
46,1,
46,1,
46,,1
46,,1
46,,1
46,,1
46,,1
46,,1
46,,1
46,,1
46,,1
46,,1
46,,1
46,1,
46,1,
46,,1
46,,1
46,,1
46,,1
46,1,
46,1,
46,1,
46,,1
46,,
46,,1
46,,1
46,,1
46,,1
46,,1
46,,1
46,,1
46,,1
46,,1
46,,1
46,1,
46,,1
46,1,
46,1,
46,1,
46,1,
46,1,
46,,
46,,1
46,,1
47,1,
47,1,
47,1,
47,1,
47,,1
47,,1
47,1,
47,1,
47,1,
47,1,
47,1,
47,1,
47,,1
47,,1
47,1,
47,,1
47,,1
47,1,
47,,1
47,1,
47,1,
47,,1
47,1,
47,,1
47,1,
47,,
47,,
47,,
47,,
47,,
47,1,
47,1,
47,1,
47,1,
47,,
47,,
47,,
47,,
47,,
47,,
47,,
47,,
47,1,
47,,
48,,
48,,
48,,
48,1,
48,,1
48,,1
48,1,
48,1,
48,1,
48,1,
48,1,
48,,
48,,
48,,
48,1,
48,,
48,,
48,1,
48,,
48,,
48,,
48,,
48,,
48,,
48,,
48,,
48,,1
48,1,
48,,
48,1,
48,,
48,1,
48,1,
48,1,
48,1,
48,,1
48,1,
48,,1
48,,1
49,1,
49,1,
49,1,
49,1,
49,1,
49,1,
49,1,
49,1,
49,1,
49,,1
49,,1
49,,1
49,,1
49,,1
49,1,
49,,
49,1,
49,,1
49,1,
49,1,
49,1,
49,1,
49,1,
49,,
49,,
49,,1
49,,1
49,,1
49,,1
49,,1
49,,1
49,,1
49,,1
49,,1
49,,1
49,,1
49,1,
49,1,
49,1,
49,,1
49,,1
49,,1
49,,1
49,1,
49,1,
49,1,
49,1,
49,1,
49,1,
49,1,
49,,
49,,
49,1,
49,1,
49,1,
49,,1
49,,1
49,,1
49,1,
49,,1
49,,1
49,,1
49,,1
49,,1
49,,1
49,,1
49,,1
50,1,
50,,1
50,1,
50,1,
50,,1
50,1,
50,1,
50,1,
50,1,
50,,1
50,1,
50,,1
50,,1
50,,1
50,,1
50,,1
50,1,
50,1,
50,1,
50,1,
50,1,
50,1,
50,1,
50,1,
50,1,
50,,
50,1,
50,1,
50,1,
50,1,
50,,1
50,1,
50,1,
50,,1
50,,1
50,,1
50,,1
50,,1
50,,1
50,,1
50,,1
50,,1
50,,1
50,,1
50,,1
50,,1
50,,
50,,
50,,
50,1,
50,1,
50,,1
50,,1
50,,
50,1,
50,,
50,1,
50,,1
50,1,
50,,1
50,1,
50,,1
50,,
50,1,
50,1,
50,,
50,1,
50,1,
50,1,
50,1,
50,,
50,1,
50,1,
50,1,
50,1,
50,,
50,1,
50,1,
50,1,
50,1,
50,,
50,,
50,1,
50,,
50,1,
50,1,
50,1,
50,1,
50,1,
50,1,
50,1,
50,1,
50,1,
50,1,
50,,
50,1,
50,1,
50,1,
52,1,
52,1,
52,,1
52,,
52,,
52,,1
52,,1
52,1,
52,,1
52,,1
52,,1
52,,1
52,,1
52,,1
52,,1
52,,1
52,,1
52,,
52,1,
52,1,
52,,1
52,,1
52,,1
52,,1
52,1,
52,1,
52,1,
52,1,
52,1,
52,1,
52,1,
52,1,
52,,1
52,,
52,1,
52,1,
52,1,
52,1,
52,1,
52,1,
52,,1
52,1,
52,,1
52,,1
52,1,
52,,1
52,1,
52,,1
52,,1
52,1,
52,1,
52,1,
52,1,
52,,1
52,,1
52,1,
52,1,
52,1,
52,1,
53,1,
53,1,
53,1,
53,,1
53,1,
53,,
53,,
53,1,
53,1,
53,1,
53,1,
53,,1
53,1,
53,,1
53,,1
53,1,
53,,1
53,1,
53,1,
53,1,
53,1,
53,,
53,1,
53,,1
53,,1
53,,1
53,,1
53,,
53,1,
53,1,
53,1,
53,1,
53,1,
53,1,
53,1,
53,1,
53,1,
53,1,
53,1,
53,1,
53,1,
53,1,
53,1,
53,1,
53,,1
53,,1
53,1,
53,1,
54,1,
54,1,
54,1,
54,1,
54,1,
54,1,
54,1,
54,1,
54,1,
54,,1
54,1,
54,1,
54,1,
54,,1
54,,1
54,1,
54,1,
54,1,
54,1,
54,1,
54,1,
55,1,
55,1,
55,,
55,,
55,,1
55,1,
55,,
55,,
55,,
55,,
55,1,
55,1,
55,1,
55,,
55,,1
55,,1
55,,1
55,,1
55,1,1
55,1,
55,1,
55,1,
55,1,
55,1,
55,1,
55,1,
55,1,
55,1,
55,1,
55,,
55,1,
55,1,
55,,
55,1,
55,,1
55,,1
55,,1
55,,1
55,,1
55,,1
55,,1
55,,1
55,,1
55,,1
55,,1
55,,1
55,,1
55,,1
55,,1
55,,1
55,,1
55,1,
55,,
55,,1
55,1,
55,1,
55,1,
55,,
55,,
55,,
55,1,
55,1,
55,1,
55,1,
55,,1
55,,
55,1,
55,1,
55,,1
55,,
55,,
55,,
55,1,
55,1,
55,1,
55,1,
55,1,
55,1,
55,1,
55,1,
55,1,
55,1,
55,1,
55,1,
55,1,
55,,
55,1,
55,1,
55,1,
55,,1
56,1,
56,1,
56,1,
56,1,
56,1,
56,1,
56,,
56,1,
56,1,
56,1,
56,1,
56,1,
56,1,
56,1,
56,1,
56,1,
56,1,
56,1,
56,1,
56,1,
56,1,
56,1,
56,1,
56,1,
56,1,
56,,
56,1,
56,1,
56,,
56,,
56,,
56,1,
56,1,
56,1,
56,,
56,,
56,,
56,,
56,1,
56,1,
56,1,
56,1,
56,1,
56,1,
56,1,
56,1,
56,1,
56,1,
56,1,
56,,1
56,1,
56,1,
56,1,
56,,
56,1,
56,1,
56,1,
56,1,
56,1,
56,1,
56,,
56,1,
56,1,
56,1,
56,1,
56,1,
56,1,
56,1,
56,1,
56,1,
56,1,
56,1,
56,1,
56,1,
56,1,
56,1,
56,1,
56,1,
56,1,
56,1,
56,1,
56,1,
56,1,
56,1,
56,1,
56,,
56,,
56,,1
56,1,
56,1,
56,1,
56,1,
56,,
56,1,
56,1,
56,1,
56,1,
56,1,
57,1,
57,1,
57,1,
57,1,
57,1,
57,,
57,1,
57,1,
57,,
57,1,
57,1,
57,1,
57,,1
57,,
57,,
57,1,
57,1,1
57,,1
57,1,
57,,
57,1,
57,1,
57,1,
57,,
57,1,
57,1,
57,1,
57,1,
57,1,
57,1,
57,1,
57,1,
57,,
57,1,
57,1,
57,,1
57,1,
57,1,
57,1,
57,,
57,1,
57,1,
57,1,
57,1,
57,1,
57,1,
57,1,
57,1,
57,,1
57,1,
57,,1
57,1,
57,1,
57,1,
57,1,
57,1,
57,,
57,1,
57,1,
57,1,
57,1,
57,1,
57,1,
57,1,
57,1,
57,1,
57,1,
57,1,
57,1,
57,1,
57,1,
57,1,
57,1,
57,1,
57,1,
57,1,
57,1,
57,1,
57,1,
57,1,
57,1,
57,1,
57,,1
57,1,
57,1,
57,1,
57,1,
57,1,
57,1,
57,1,
57,1,
57,1,
57,1,
57,1,
57,1,
57,1,
57,1,
57,1,
57,1,
57,1,
57,1,
57,,1
57,1,
57,1,
57,1,
57,1,
57,1,
57,1,
57,1,
57,1,
57,1,
57,1,
57,1,
57,1,
57,1,
57,1,
57,1,
57,1,
57,1,
57,,1
57,1,
57,1,
57,1,
57,1,
57,1,
57,1,
57,1,
57,1,
57,1,
57,1,
57,1,
57,1,
57,1,
57,1,
57,1,
57,1,
57,1,
57,,
57,1,
57,1,
57,1,
58,,1
58,,1
58,,1
58,,
58,,
58,,
58,1,
58,1,
58,1,
58,1,
58,1,
58,1,
58,1,
58,1,
58,1,
58,1,
58,1,
58,1,
58,1,
58,1,
58,1,
58,1,
58,1,
58,1,
58,1,
58,1,
58,1,
58,1,
58,1,
58,1,
58,1,
58,1,
58,1,
58,1,
58,1,
58,1,
58,1,
58,1,
58,1,
58,1,
58,1,
58,1,
58,1,
58,1,
58,1,
58,1,
58,1,
58,1,
58,1,
58,1,
58,1,
58,1,
58,1,
58,1,
58,1,
58,1,
58,1,
58,1,
58,1,
58,1,
58,1,
58,1,
58,1,
58,1,
58,1,
58,1,
58,1,
58,1,
58,,
58,1,
58,1,
58,,
58,1,
58,1,
58,,1
58,,
60,1,
60,,1
60,,
60,,1
60,,1
60,1,
60,1,
60,1,
60,1,
60,1,
60,,
60,,
60,,
60,1,
60,,
60,1,
60,1,
60,1,
60,1,
60,,
60,,
60,,
60,,
60,1,
60,,1
60,,
60,,1
60,,
60,,
60,,
60,1,
60,,
60,,
60,,
60,,
60,,
60,,
60,,
60,,
60,,
60,,
60,,
60,,
60,,
60,,
60,1,
61,,
61,,
61,,
61,,
61,,
61,,
61,,
61,,
61,,
61,,
61,,
61,,
61,,
61,,
61,,
61,,
61,,
61,,
61,,
61,,
61,,
61,,
61,,
61,,
61,,
61,,
61,1,
61,,
61,,
61,,
61,,
61,,
61,,
61,,
61,,
61,,
61,,
61,,
61,1,
61,1,
61,1,
61,1,
61,1,
61,1,
61,1,
61,1,
61,,
61,,
61,,
61,,
61,,
61,1,
61,,
61,,
61,,
61,,
61,,
61,1,
61,1,
61,,
61,,
61,1,
62,1,
62,1,
62,1,
62,1,
62,1,
62,1,
62,1,
62,1,
62,1,
62,1,
62,1,
62,1,
62,,1
62,1,
62,1,
62,1,
62,1,
62,1,
62,1,
62,1,
62,,1
62,,1
62,,1
62,,1
62,,1
62,,1
62,1,
62,1,
62,,
62,1,
62,1,
62,1,
62,1,
62,1,
62,,1
62,,1
62,,
62,,
62,,
62,,
62,,1
62,,1
62,,1
63,1,
63,,1
63,1,
63,1,
63,1,
63,1,
63,1,
63,1,
63,1,
63,1,
63,1,
63,1,
63,1,
63,,
63,1,
63,1,
63,1,
63,1,
63,,
63,1,
63,1,
63,1,
63,1,
63,1,
63,1,
63,1,
63,1,
63,1,
63,1,
63,1,
63,1,
63,1,
63,1,
63,1,
64,1,
64,,
64,,
64,,
64,,
64,1,
64,1,
64,1,
64,,1
64,1,
64,,
64,,
64,1,
64,,
64,,1
64,,1
64,,1
64,1,
64,1,
64,,1
64,,1
64,,1
64,,1
64,,1
64,,1
64,,1
64,,1
64,,1
64,,1
64,,1
64,,1
64,,1
64,,1
64,1,
64,,1
64,,1
64,,1
64,1,
64,1,
64,,1
64,,1
64,,1
64,,1
64,,1
64,,1
64,,1
64,,1
64,,1
64,1,
64,,1
64,,1
64,,1
64,,1
64,,1
64,,1
64,,1
64,,1
64,,
64,,1
64,,
64,,1
64,,
64,,1
64,,1
64,,1
64,,1
64,,1
64,,1
64,,1
64,1,
64,1,
64,,
64,1,
64,,
64,1,
64,1,
65,1,
65,1,
65,,
65,1,
65,,1
65,1,
65,,1
65,,1
65,1,
65,1,
65,1,
65,1,
65,1,
65,1,
65,1,
65,1,
65,1,
65,,1
65,1,
65,1,
65,1,
65,,1
65,1,
65,1,
65,1,
65,1,
65,1,
65,1,
65,1,
65,1,
65,1,
65,1,
65,1,
65,1,
65,1,
65,1,
65,1,
65,,
65,1,
65,1,
65,1,
65,,1
65,1,
65,1,
65,1,
65,,1
65,1,
65,1,
65,,
65,,
65,,
65,1,
65,1,
65,1,
65,1,
66,1,
66,1,
66,1,
66,,1
66,1,
66,1,
66,1,
66,1,
66,1,
66,1,
66,1,
66,,1
66,1,
66,1,
66,1,
66,1,
66,1,
66,,1
66,1,
66,,1
66,1,
66,,1
66,,1
66,,1
66,,1
66,,1
66,1,
66,,1
66,1,
66,,1
66,,1
66,1,
66,1,
66,1,
66,1,
66,1,
66,1,
66,,1
66,1,
66,,1
66,1,
67,1,
67,1,
67,1,
67,1,
67,1,
67,1,
67,,
67,1,
67,1,
67,,1
67,,1
67,1,
67,1,
67,1,
67,1,
67,1,
67,,1
67,1,
67,1,
67,1,
67,,1
68,,
68,1,
68,1,
68,1,
68,,1
68,1,
68,,1
68,,1
68,1,
68,,
68,1,
68,,1
68,,1
68,1,
68,,1
68,,1
68,,1
68,,1
68,,
68,1,
68,,1
68,,1
68,,1
68,,1
68,,1
68,,1
68,,1
68,,1
68,,1
68,,1
68,,1
68,,1
68,,1
68,,1
68,,1
68,,1
68,,1
68,,
68,,1
68,,1
68,,1
68,,1
68,1,
68,1,
68,,1
68,,1
68,1,
68,1,
68,1,
68,1,
68,1,
68,1,
68,,1
68,,1
68,,1
68,1,
68,,
68,,1
68,,1
68,,1
68,,1
68,,1
68,,1
68,,1
68,,1
68,,1
68,,
68,,1
68,,1
68,1,
68,,1
68,,1
68,,1
68,,1
68,,1
68,,1
68,,1
68,,1
68,,1
68,,1
68,1,
68,1,
68,1,
68,,
68,,1
68,,1
68,,1
68,1,
68,,1
68,,1
68,1,
68,,1
68,,1
68,,1
68,1,
68,,1
68,,1
68,,1
68,,1
68,,1
68,1,
68,1,
68,1,
68,1,
68,,1
68,,
68,,1
68,1,
68,,1
68,,1
68,1,
68,,1
68,,1
68,,1
68,,1
68,,1
68,,1
68,,1
68,,1
68,,1
68,,1
68,1,
68,1,
68,,1
68,,1
68,,1
68,,1
68,,1
68,1,
68,,1
68,,1
68,,1
68,,1
68,1,
68,,1
68,,1
68,1,
68,1,
68,,1
68,,1
68,,1
68,,1
68,,1
68,,1
68,,1
68,,1
68,,1
68,1,
68,1,
68,,1
68,,
68,1,
68,,1
68,1,
68,,1
68,1,
68,,1
68,,1
68,,1
68,,1
68,1,
68,,1
68,,1
68,,1
68,,1
68,,1
68,1,
68,,1
68,,1
68,,1
68,1,
68,1,
69,1,
69,,
69,,
69,,
69,,1
69,,1
69,1,
69,1,
69,1,
69,1,
69,,1
69,,1
69,,1
69,,1
69,,1
69,1,
69,1,
69,1,
69,1,
69,1,
69,,1
69,,1
69,,1
69,,1
69,,1
69,,1
69,,1
69,1,
69,,1
69,,
69,1,
69,1,
69,1,
69,1,
69,1,
69,1,
69,,
69,1,
69,,
69,,
69,1,
69,1,
69,,
69,1,
69,1,
69,,1
69,,1
69,,1
70,1,
70,1,
70,,
70,,1
70,,
70,,1
70,,1
70,,
70,,1
70,,1
70,,1
70,1,
70,1,
70,,
70,1,
70,,1
70,,1
70,,1
70,,1
70,,1
70,,
70,,1
70,,1
70,1,
70,1,
70,1,
70,,1
70,,1
70,,1
70,1,
70,,1
70,,1
70,1,
70,,1
70,1,
70,1,
70,,
70,1,
70,,1
70,,1
70,1,
70,1,
70,1,
70,1,
70,1,
70,1,
70,,1
70,,1
70,,
70,,1
70,,1
70,1,
70,,1
70,,1
70,,
70,1,
70,,
70,1,
70,,1
70,,1
70,,
70,,1
70,1,
70,,1
70,,1
70,,1
70,,1
70,,1
70,,1
70,1,
70,,
70,,
70,,
70,,1
70,,
70,1,
71,,1
71,,1
71,1,
71,1,
71,1,
71,1,
71,1,
71,1,
71,1,
71,,1
71,1,
71,1,
71,1,
71,1,
71,1,
71,,1
71,,1
71,1,
71,1,
71,1,
71,1,
71,1,
71,1,
71,1,
71,1,
71,,
71,,
71,,
71,,
71,,1
71,,
71,1,
71,1,
71,,1
71,,1
71,,
71,,
71,,1
71,1,
71,,1
71,1,
71,1,
71,,1
71,,1
71,,1
71,1,
71,,1
71,1,
71,,
71,1,
71,1,
71,1,
71,1,
71,1,
71,1,
71,1,
71,1,
71,,1
71,1,
71,1,
71,1,
71,1,
71,,
71,1,
71,1,
71,1,
71,1,
71,1,
71,,1
71,1,
71,,1
71,,1
71,,1
71,,1
71,,1
71,,1
71,,1
71,,1
71,,1
71,1,
71,,1
71,1,
71,1,
71,1,
71,,1
71,,1
71,1,
71,,1
71,1,
71,,
71,,
71,1,
71,1,
71,,
71,,
71,,
71,,1
71,,1
71,1,
71,1,
71,1,
71,,
71,,
72,1,
72,1,
72,1,
72,,1
72,1,
72,,1
72,1,
72,1,
72,,1
72,1,
72,,1
72,,1
72,,1
72,,
72,1,
72,,
72,,
72,,
72,,
72,,
72,,
72,1,
72,,1
72,1,
72,1,
72,,
72,,
72,1,
72,,
72,1,
72,,
72,1,
72,1,
72,1,
72,1,
72,1,
72,1,
72,1,
72,,
72,1,
72,1,
72,1,
72,1,
72,1,
72,1,
72,1,
72,1,
72,1,
72,1,
72,1,
72,1,
72,1,
72,1,
72,1,
72,1,
72,1,
72,1,
72,1,
72,1,
72,1,
72,1,
72,1,
72,1,
72,1,
72,1,
72,1,
72,1,
72,,
72,,1
72,,
72,,
72,,
72,1,
72,1,
72,1,
73,1,
73,,1
73,,1
73,,1
73,1,
73,1,
73,1,
73,1,
73,1,
73,,
73,1,
73,1,
73,,1
73,1,
73,1,
73,1,
73,,
73,1,
73,1,
73,,
73,1,
73,1,
73,,1
73,1,
73,,1
73,,1
73,,1
73,,1
73,1,
73,1,
73,,
73,1,
73,,1
73,,1
73,,1
73,,
73,,1
73,1,
73,1,
73,1,
73,,
73,1,
73,1,
73,1,
73,,1
73,,1
73,,1
73,,
73,,1
73,,1
73,,1
73,,1
73,,1
73,,1
73,1,
73,,1
74,,
74,1,
74,1,
74,1,
74,,1
74,,
74,,
74,,
74,,
74,,
74,,
74,1,
74,,
74,,
74,,
74,1,
74,,
74,,
74,,
74,1,
74,,
74,,
74,,
74,,
74,1,
74,1,
74,1,
74,1,
74,1,
74,,
74,1,
75,,1
75,,1
75,,1
75,,1
75,,1
75,,
75,,
75,1,
75,1,
75,1,
75,,1
75,,1
75,,1
75,,
75,,
75,1,
75,,
75,,1
75,,1
75,1,
75,1,
75,1,
75,1,
75,1,
75,1,
75,1,
75,1,
75,,1
75,,1
75,,1
75,,
75,1,
75,1,
75,1,
75,1,
75,1,
75,1,
75,1,
75,1,
75,1,
75,1,
75,1,
75,1,
75,1,
75,1,
75,1,
75,1,
75,1,
75,1,
75,1,
75,1,
75,,1
75,1,
75,1,
75,1,
75,1,
75,,1
75,1,
75,1,
75,1,
75,1,
75,,1
75,1,
75,,1
75,,1
75,,1
75,,1
75,,1
75,,1
75,,1
75,,1
75,,1
75,,
75,,1
75,1,
75,1,
75,1,
75,1,
75,1,
75,,1
75,,1
75,,1
75,,
75,,1
75,1,
75,,1
75,1,
75,,
75,,
75,1,
75,1,
75,1,
75,,1
75,,1
75,1,
75,1,
75,,1
75,,1
75,,1
75,,1
75,,1
75,,1
75,,1
75,1,
75,,
75,1,
75,,1
75,,1
75,,1
75,,1
75,,1
75,,
75,,
75,1,
75,1,
75,1,
75,1,
75,1,
75,1,
75,1,
75,,1
75,,1
75,,1
75,,1
75,,1
75,,1
75,,1
75,,1
75,,1
76,1,
76,1,
76,1,
76,,
76,,
76,,
76,,
76,,
76,,
76,,
76,,
76,,
76,,
76,,
76,,
76,,
76,1,
76,1,
76,1,
76,1,
76,,1
76,1,
76,1,
76,1,
76,1,
76,1,
76,1,
76,1,
76,1,
76,1,
76,1,
76,1,
76,,
76,1,
76,,1
76,,1
76,,1
76,,1
76,,1
76,,1
76,,1
76,,1
76,,1
76,,1
76,,1
76,,1
76,,1
76,,1
76,,1
76,,1
76,,1
76,1,
76,1,
76,1,
76,,
76,,1
76,,1
76,,1
76,1,
76,1,
76,1,
76,,1
76,,
76,,
76,,
76,,1
76,1,
76,1,
76,1,
76,,
76,1,
76,1,
76,1,
76,1,
76,1,
76,1,
76,1,
76,,1
76,1,
76,,1
76,1,
76,1,
76,,1
76,1,
76,,1
76,,
76,,
76,,
76,1,
76,1,
76,1,
76,,1
76,1,
76,1,
76,1,
76,1,
76,1,
76,1,
76,,
76,,
76,,
76,,
76,,1
76,,1
76,1,
76,,
76,1,
76,1,
76,1,
76,1,
76,1,
76,,1
76,,1
76,,1
76,,1
76,,1
76,1,
77,1,
77,1,
77,1,
77,1,
77,1,
77,1,
77,1,
77,,
77,1,
77,1,
77,1,
77,1,
77,1,
77,1,
77,1,
77,1,
77,,
77,,1
77,1,
77,1,
77,1,
77,,1
77,1,
77,1,
77,1,
77,1,
77,,1
77,,
77,,
77,,
77,,
77,1,
77,1,
77,1,
77,1,
77,1,
77,1,
77,,
77,,
77,,1
77,1,
77,1,
77,1,
77,1,
77,,1
77,,1
77,1,
77,1,
77,1,
77,1,
78,,1
78,1,
78,1,
78,1,
78,1,
78,,1
78,,1
78,,1
78,,1
78,,1
78,,1
78,,
78,,
78,,1
78,,1
78,,1
78,,1
78,,1
78,,1
78,,1
78,,1
78,,1
78,,1
78,,1
78,,1
78,,1
78,,1
78,,
78,,
78,,
78,,
78,1,
78,1,
78,1,
78,1,
78,1,
78,1,
78,1,
78,1,
78,1,
78,1,
78,,1
78,1,
78,1,
78,1,
78,1,
78,1,
78,,
78,,
78,,
78,1,
78,1,
78,1,
78,1,
79,1,
79,,
79,,1
79,,
79,,
79,,
79,,
79,,
79,,
79,,
79,,
79,,
79,1,
79,,
79,1,
79,1,
79,,
79,,1
79,,1
79,1,
79,,1
79,,1
79,,1
79,,1
79,,1
79,,1
79,,1
79,,1
79,,1
79,,1
79,,1
79,,1
79,,1
79,,1
79,,1
79,,1
79,,
79,1,
79,1,
79,,
79,,1
79,,1
79,,1
79,,1
79,,1
79,,1
79,,1
79,,1
79,,1
79,,1
79,,1
79,,1
79,,1
79,,1
79,,
79,,1
79,,1
79,,1
79,,1
79,1,
79,,1
79,,1
79,,
79,1,
79,,1
79,,
79,1,
79,1,
79,,1
79,,1
79,1,
79,1,
79,1,
79,1,
80,,
80,1,
80,1,
80,,1
80,1,
80,1,
80,1,
80,,1
80,1,
80,,1
80,,1
80,1,
80,,1
80,,1
80,,1
80,,1
80,,
80,1,
80,,1
80,,1
80,1,
80,,1
80,,1
80,,1
80,1,
80,,1
80,,1
80,,1
80,,1
80,1,
80,1,
80,1,
80,1,
80,1,
80,1,
80,1,
80,1,
80,1,
80,1,
80,1,
80,1,
80,1,
80,1,
80,1,
80,1,
80,1,
80,1,
80,1,
80,,1
80,,1
80,1,
80,,1
80,1,
80,1,
80,1,
80,1,
80,,
80,,
80,,
80,,1
80,,1
80,1,
80,,1
80,1,
80,1,
80,1,
80,,1
80,1,
80,1,
80,,1
80,1,
80,,1
80,,
80,1,
80,,1
80,,1
80,,1
80,,1
80,1,
80,1,
80,1,
80,1,
80,,1
80,,1
80,,1
80,,1
80,,1
80,,1
80,,1
80,,1
80,,1
80,1,
80,,1
80,,1
80,,1
80,,1
80,,
80,,1
80,1,
80,,1
80,,1
80,,
80,1,
80,1,
80,1,
80,,1
80,,1
80,,1
80,,1
80,,1
80,1,
80,1,
80,,1
80,,
80,,1
80,,
80,,
80,1,
80,,1
80,,1
80,1,
80,,1
80,,1
80,1,
80,1,
80,1,
81,1,
81,1,
81,1,
81,1,
81,1,
81,1,
81,1,
81,1,
81,1,
81,,1
81,1,
81,,1
81,,1
81,,
81,1,
81,1,
81,,1
81,1,
81,1,
81,1,
81,,1
81,1,
81,1,
81,1,
81,,1
81,1,
81,,
81,,
82,,
82,1,
82,1,
82,1,
82,1,
82,1,
82,,
82,,
82,,
82,,
82,,
82,1,
82,1,
82,1,
82,,
82,,
82,,
82,1,
82,1,
82,1,
82,1,
82,1,
82,1,
82,1,
82,,
82,1,
82,,1
82,,
82,,
82,,
82,,
82,1,
82,1,
82,1,
82,1,
82,1,
82,1,
82,1,
82,1,
82,,1
82,,
82,,1
82,,1
82,,1
82,,
82,,
82,,1
82,,
82,,
83,,
83,,
83,,1
83,,1
83,,1
83,,1
83,,1
83,,1
83,,
83,,1
83,1,
83,1,
83,1,
83,,1
83,,1
83,,1
83,,1
83,,1
83,,1
83,,1
83,,1
83,,1
83,,1
83,,1
83,,1
83,,
83,,
83,,1
83,1,
83,1,
83,1,
83,1,
83,1,
83,1,
83,1,
83,,
83,,
83,,
83,,
83,,
83,,